name,alpha-2,alpha-3,country-code,iso_3166-2,region,sub-region,region-code,sub-region-code,,Conts
Australia,AU,AUS,36,ISO 3166-2:AU,Oceania,Australia and New Zealand,9,53,,Australasia & Oceania
New Zealand,NZ,NZL,554,ISO 3166-2:NZ,Oceania,Australia and New Zealand,9,53,,Australasia & Oceania
Norfolk Island,NF,NFK,574,ISO 3166-2:NF,Oceania,Australia and New Zealand,9,53,,Australasia & Oceania
Anguilla,AI,AIA,660,ISO 3166-2:AI,Americas,Caribbean,19,29,,North America
Antigua and Barbuda,AG,ATG,28,ISO 3166-2:AG,Americas,Caribbean,19,29,,North America
Aruba,AW,ABW,533,ISO 3166-2:AW,Americas,Caribbean,19,29,,North America
Bahamas,BS,BHS,44,ISO 3166-2:BS,Americas,Caribbean,19,29,,North America
Barbados,BB,BRB,52,ISO 3166-2:BB,Americas,Caribbean,19,29,,North America
"Bonaire, Sint Eustatius and Saba",BQ,BES,535,ISO 3166-2:BQ,Americas,Caribbean,19,29,,North America
Cayman Islands,KY,CYM,136,ISO 3166-2:KY,Americas,Caribbean,19,29,,North America
Cuba,CU,CUB,192,ISO 3166-2:CU,Americas,Caribbean,19,29,,North America
Curaçao,CW,CUW,531,ISO 3166-2:CW,Americas,Caribbean,19,29,,North America
Dominica,DM,DMA,212,ISO 3166-2:DM,Americas,Caribbean,19,29,,North America
Dominican Republic,DO,DOM,214,ISO 3166-2:DO,Americas,Caribbean,19,29,,North America
Grenada,GD,GRD,308,ISO 3166-2:GD,Americas,Caribbean,19,29,,North America
Guadeloupe,GP,GLP,312,ISO 3166-2:GP,Americas,Caribbean,19,29,,North America
Haiti,HT,HTI,332,ISO 3166-2:HT,Americas,Caribbean,19,29,,North America
Jamaica,JM,JAM,388,ISO 3166-2:JM,Americas,Caribbean,19,29,,North America
Martinique,MQ,MTQ,474,ISO 3166-2:MQ,Americas,Caribbean,19,29,,North America
Montserrat,MS,MSR,500,ISO 3166-2:MS,Americas,Caribbean,19,29,,North America
Puerto Rico,PR,PRI,630,ISO 3166-2:PR,Americas,Caribbean,19,29,,North America
Saint Barthélemy,BL,BLM,652,ISO 3166-2:BL,Americas,Caribbean,19,29,,North America
Saint Kitts and Nevis,KN,KNA,659,ISO 3166-2:KN,Americas,Caribbean,19,29,,North America
Saint Lucia,LC,LCA,662,ISO 3166-2:LC,Americas,Caribbean,19,29,,North America
Saint Martin (French part),MF,MAF,663,ISO 3166-2:MF,Americas,Caribbean,19,29,,North America
Saint Vincent and the Grenadines,VC,VCT,670,ISO 3166-2:VC,Americas,Caribbean,19,29,,North America
Sint Maarten (Dutch part),SX,SXM,534,ISO 3166-2:SX,Americas,Caribbean,19,29,,North America
Trinidad and Tobago,TT,TTO,780,ISO 3166-2:TT,Americas,Caribbean,19,29,,North America
Turks and Caicos Islands,TC,TCA,796,ISO 3166-2:TC,Americas,Caribbean,19,29,,North America
Virgin Islands (British),VG,VGB,92,ISO 3166-2:VG,Americas,Caribbean,19,29,,North America
Virgin Islands (U.S.),VI,VIR,850,ISO 3166-2:VI,Americas,Caribbean,19,29,,North America
Belize,BZ,BLZ,84,ISO 3166-2:BZ,Americas,Central America,19,13,,North America
Costa Rica,CR,CRI,188,ISO 3166-2:CR,Americas,Central America,19,13,,North America
El Salvador,SV,SLV,222,ISO 3166-2:SV,Americas,Central America,19,13,,North America
Guatemala,GT,GTM,320,ISO 3166-2:GT,Americas,Central America,19,13,,North America
Honduras,HN,HND,340,ISO 3166-2:HN,Americas,Central America,19,13,,North America
Mexico,MX,MEX,484,ISO 3166-2:MX,Americas,Central America,19,13,,North America
Nicaragua,NI,NIC,558,ISO 3166-2:NI,Americas,Central America,19,13,,North America
Panama,PA,PAN,591,ISO 3166-2:PA,Americas,Central America,19,13,,North America
Kazakhstan,KZ,KAZ,398,ISO 3166-2:KZ,Asia,Central Asia,142,143,,Asia
Kyrgyzstan,KG,KGZ,417,ISO 3166-2:KG,Asia,Central Asia,142,143,,Asia
Tajikistan,TJ,TJK,762,ISO 3166-2:TJ,Asia,Central Asia,142,143,,Asia
Turkmenistan,TM,TKM,795,ISO 3166-2:TM,Asia,Central Asia,142,143,,Asia
Uzbekistan,UZ,UZB,860,ISO 3166-2:UZ,Asia,Central Asia,142,143,,Asia
Burundi,BI,BDI,108,ISO 3166-2:BI,Africa,Eastern Africa,2,14,,Africa
Comoros,KM,COM,174,ISO 3166-2:KM,Africa,Eastern Africa,2,14,,Africa
Djibouti,DJ,DJI,262,ISO 3166-2:DJ,Africa,Eastern Africa,2,14,,Africa
Eritrea,ER,ERI,232,ISO 3166-2:ER,Africa,Eastern Africa,2,14,,Africa
Ethiopia,ET,ETH,231,ISO 3166-2:ET,Africa,Eastern Africa,2,14,,Africa
Kenya,KE,KEN,404,ISO 3166-2:KE,Africa,Eastern Africa,2,14,,Africa
Madagascar,MG,MDG,450,ISO 3166-2:MG,Africa,Eastern Africa,2,14,,Africa
Malawi,MW,MWI,454,ISO 3166-2:MW,Africa,Eastern Africa,2,14,,Africa
Mauritius,MU,MUS,480,ISO 3166-2:MU,Africa,Eastern Africa,2,14,,Africa
Mayotte,YT,MYT,175,ISO 3166-2:YT,Africa,Eastern Africa,2,14,,Africa
Mozambique,MZ,MOZ,508,ISO 3166-2:MZ,Africa,Eastern Africa,2,14,,Africa
Réunion,RE,REU,638,ISO 3166-2:RE,Africa,Eastern Africa,2,14,,Africa
Rwanda,RW,RWA,646,ISO 3166-2:RW,Africa,Eastern Africa,2,14,,Africa
Seychelles,SC,SYC,690,ISO 3166-2:SC,Africa,Eastern Africa,2,14,,Africa
Somalia,SO,SOM,706,ISO 3166-2:SO,Africa,Eastern Africa,2,14,,Africa
South Sudan,SS,SSD,728,ISO 3166-2:SS,Africa,Eastern Africa,2,14,,Africa
"Tanzania, United Republic of",TZ,TZA,834,ISO 3166-2:TZ,Africa,Eastern Africa,2,14,,Africa
Uganda,UG,UGA,800,ISO 3166-2:UG,Africa,Eastern Africa,2,14,,Africa
Zambia,ZM,ZMB,894,ISO 3166-2:ZM,Africa,Eastern Africa,2,14,,Africa
Zimbabwe,ZW,ZWE,716,ISO 3166-2:ZW,Africa,Eastern Africa,2,14,,Africa
China,CN,CHN,156,ISO 3166-2:CN,Asia,Eastern Asia,142,30,,Asia
Hong Kong,HK,HKG,344,ISO 3166-2:HK,Asia,Eastern Asia,142,30,,Asia
Japan,JP,JPN,392,ISO 3166-2:JP,Asia,Eastern Asia,142,30,,Asia
Korea (Democratic People's Republic of),KP,PRK,408,ISO 3166-2:KP,Asia,Eastern Asia,142,30,,Asia
Korea (Republic of),KR,KOR,410,ISO 3166-2:KR,Asia,Eastern Asia,142,30,,Asia
Macao,MO,MAC,446,ISO 3166-2:MO,Asia,Eastern Asia,142,30,,Asia
Mongolia,MN,MNG,496,ISO 3166-2:MN,Asia,Eastern Asia,142,30,,Asia
"Taiwan, Province of China",TW,TWN,158,ISO 3166-2:TW,Asia,Eastern Asia,142,30,,Asia
Belarus,BY,BLR,112,ISO 3166-2:BY,Europe,Eastern Europe,150,151,,Europe
Bulgaria,BG,BGR,100,ISO 3166-2:BG,Europe,Eastern Europe,150,151,,Europe
Czech Republic,CZ,CZE,203,ISO 3166-2:CZ,Europe,Eastern Europe,150,151,,Europe
Hungary,HU,HUN,348,ISO 3166-2:HU,Europe,Eastern Europe,150,151,,Europe
Moldova (Republic of),MD,MDA,498,ISO 3166-2:MD,Europe,Eastern Europe,150,151,,Europe
Poland,PL,POL,616,ISO 3166-2:PL,Europe,Eastern Europe,150,151,,Europe
Romania,RO,ROU,642,ISO 3166-2:RO,Europe,Eastern Europe,150,151,,Europe
Russian Federation,RU,RUS,643,ISO 3166-2:RU,Europe,Eastern Europe,150,151,,Europe
Slovakia,SK,SVK,703,ISO 3166-2:SK,Europe,Eastern Europe,150,151,,Europe
Ukraine,UA,UKR,804,ISO 3166-2:UA,Europe,Eastern Europe,150,151,,Europe
Fiji,FJ,FJI,242,ISO 3166-2:FJ,Oceania,Melanesia,9,54,,Australasia & Oceania
New Caledonia,NC,NCL,540,ISO 3166-2:NC,Oceania,Melanesia,9,54,,Australasia & Oceania
Papua New Guinea,PG,PNG,598,ISO 3166-2:PG,Oceania,Melanesia,9,54,,Australasia & Oceania
Solomon Islands,SB,SLB,90,ISO 3166-2:SB,Oceania,Melanesia,9,54,,Australasia & Oceania
Vanuatu,VU,VUT,548,ISO 3166-2:VU,Oceania,Melanesia,9,54,,Australasia & Oceania
Guam,GU,GUM,316,ISO 3166-2:GU,Oceania,Micronesia,9,57,,Australasia & Oceania
Kiribati,KI,KIR,296,ISO 3166-2:KI,Oceania,Micronesia,9,57,,Australasia & Oceania
Marshall Islands,MH,MHL,584,ISO 3166-2:MH,Oceania,Micronesia,9,57,,Australasia & Oceania
Micronesia (Federated States of),FM,FSM,583,ISO 3166-2:FM,Oceania,Micronesia,9,57,,Australasia & Oceania
Nauru,NR,NRU,520,ISO 3166-2:NR,Oceania,Micronesia,9,57,,Australasia & Oceania
Northern Mariana Islands,MP,MNP,580,ISO 3166-2:MP,Oceania,Micronesia,9,57,,Australasia & Oceania
Palau,PW,PLW,585,ISO 3166-2:PW,Oceania,Micronesia,9,57,,Australasia & Oceania
Angola,AO,AGO,24,ISO 3166-2:AO,Africa,Middle Africa,2,17,,Africa
Cameroon,CM,CMR,120,ISO 3166-2:CM,Africa,Middle Africa,2,17,,Africa
Central African Republic,CF,CAF,140,ISO 3166-2:CF,Africa,Middle Africa,2,17,,Africa
Chad,TD,TCD,148,ISO 3166-2:TD,Africa,Middle Africa,2,17,,Africa
Congo,CG,COG,178,ISO 3166-2:CG,Africa,Middle Africa,2,17,,Africa
Congo (Democratic Republic of the),CD,COD,180,ISO 3166-2:CD,Africa,Middle Africa,2,17,,Africa
Equatorial Guinea,GQ,GNQ,226,ISO 3166-2:GQ,Africa,Middle Africa,2,17,,Africa
Gabon,GA,GAB,266,ISO 3166-2:GA,Africa,Middle Africa,2,17,,Africa
Sao Tome and Principe,ST,STP,678,ISO 3166-2:ST,Africa,Middle Africa,2,17,,Africa
Algeria,DZ,DZA,12,ISO 3166-2:DZ,Africa,Northern Africa,2,15,,Africa
Egypt,EG,EGY,818,ISO 3166-2:EG,Africa,Northern Africa,2,15,,Africa
Libya,LY,LBY,434,ISO 3166-2:LY,Africa,Northern Africa,2,15,,Africa
Morocco,MA,MAR,504,ISO 3166-2:MA,Africa,Northern Africa,2,15,,Africa
Sudan,SD,SDN,729,ISO 3166-2:SD,Africa,Northern Africa,2,15,,Africa
Tunisia,TN,TUN,788,ISO 3166-2:TN,Africa,Northern Africa,2,15,,Africa
Western Sahara,EH,ESH,732,ISO 3166-2:EH,Africa,Northern Africa,2,15,,Africa
Bermuda,BM,BMU,60,ISO 3166-2:BM,Americas,Northern America,19,21,,North America
Canada,CA,CAN,124,ISO 3166-2:CA,Americas,Northern America,19,21,,North America
Greenland,GL,GRL,304,ISO 3166-2:GL,Americas,Northern America,19,21,,North America
Saint Pierre and Miquelon,PM,SPM,666,ISO 3166-2:PM,Americas,Northern America,19,21,,North America
United States of America,US,USA,840,ISO 3166-2:US,Americas,Northern America,19,21,,North America
Åland Islands,AX,ALA,248,ISO 3166-2:AX,Europe,Northern Europe,150,154,,Europe
Denmark,DK,DNK,208,ISO 3166-2:DK,Europe,Northern Europe,150,154,,Europe
Estonia,EE,EST,233,ISO 3166-2:EE,Europe,Northern Europe,150,154,,Europe
Faroe Islands,FO,FRO,234,ISO 3166-2:FO,Europe,Northern Europe,150,154,,Europe
Finland,FI,FIN,246,ISO 3166-2:FI,Europe,Northern Europe,150,154,,Europe
Guernsey,GG,GGY,831,ISO 3166-2:GG,Europe,Northern Europe,150,154,,Europe
Iceland,IS,ISL,352,ISO 3166-2:IS,Europe,Northern Europe,150,154,,Europe
Ireland,IE,IRL,372,ISO 3166-2:IE,Europe,Northern Europe,150,154,,Europe
Isle of Man,IM,IMN,833,ISO 3166-2:IM,Europe,Northern Europe,150,154,,Europe
Jersey,JE,JEY,832,ISO 3166-2:JE,Europe,Northern Europe,150,154,,Europe
Latvia,LV,LVA,428,ISO 3166-2:LV,Europe,Northern Europe,150,154,,Europe
Lithuania,LT,LTU,440,ISO 3166-2:LT,Europe,Northern Europe,150,154,,Europe
Norway,NO,NOR,578,ISO 3166-2:NO,Europe,Northern Europe,150,154,,Europe
Svalbard and Jan Mayen,SJ,SJM,744,ISO 3166-2:SJ,Europe,Northern Europe,150,154,,Europe
Sweden,SE,SWE,752,ISO 3166-2:SE,Europe,Northern Europe,150,154,,Europe
United Kingdom of Great Britain and Northern Ireland,GB,GBR,826,ISO 3166-2:GB,Europe,Northern Europe,150,154,,Europe
American Samoa,AS,ASM,16,ISO 3166-2:AS,Oceania,Polynesia,9,61,,Australasia & Oceania
Cook Islands,CK,COK,184,ISO 3166-2:CK,Oceania,Polynesia,9,61,,Australasia & Oceania
French Polynesia,PF,PYF,258,ISO 3166-2:PF,Oceania,Polynesia,9,61,,Australasia & Oceania
Niue,NU,NIU,570,ISO 3166-2:NU,Oceania,Polynesia,9,61,,Australasia & Oceania
Pitcairn,PN,PCN,612,ISO 3166-2:PN,Oceania,Polynesia,9,61,,Australasia & Oceania
Samoa,WS,WSM,882,ISO 3166-2:WS,Oceania,Polynesia,9,61,,Australasia & Oceania
Tokelau,TK,TKL,772,ISO 3166-2:TK,Oceania,Polynesia,9,61,,Australasia & Oceania
Tonga,TO,TON,776,ISO 3166-2:TO,Oceania,Polynesia,9,61,,Australasia & Oceania
Tuvalu,TV,TUV,798,ISO 3166-2:TV,Oceania,Polynesia,9,61,,Australasia & Oceania
Wallis and Futuna,WF,WLF,876,ISO 3166-2:WF,Oceania,Polynesia,9,61,,Australasia & Oceania
Argentina,AR,ARG,32,ISO 3166-2:AR,Americas,South America,19,5,,South America
Bolivia (Plurinational State of),BO,BOL,68,ISO 3166-2:BO,Americas,South America,19,5,,South America
Brazil,BR,BRA,76,ISO 3166-2:BR,Americas,South America,19,5,,South America
Chile,CL,CHL,152,ISO 3166-2:CL,Americas,South America,19,5,,South America
Colombia,CO,COL,170,ISO 3166-2:CO,Americas,South America,19,5,,South America
Ecuador,EC,ECU,218,ISO 3166-2:EC,Americas,South America,19,5,,South America
Falkland Islands (Malvinas),FK,FLK,238,ISO 3166-2:FK,Americas,South America,19,5,,South America
French Guiana,GF,GUF,254,ISO 3166-2:GF,Americas,South America,19,5,,South America
Guyana,GY,GUY,328,ISO 3166-2:GY,Americas,South America,19,5,,South America
Paraguay,PY,PRY,600,ISO 3166-2:PY,Americas,South America,19,5,,South America
Peru,PE,PER,604,ISO 3166-2:PE,Americas,South America,19,5,,South America
Suriname,SR,SUR,740,ISO 3166-2:SR,Americas,South America,19,5,,South America
Uruguay,UY,URY,858,ISO 3166-2:UY,Americas,South America,19,5,,South America
Venezuela (Bolivarian Republic of),VE,VEN,862,ISO 3166-2:VE,Americas,South America,19,5,,South America
Brunei Darussalam,BN,BRN,96,ISO 3166-2:BN,Asia,South-Eastern Asia,142,35,,Asia
Cambodia,KH,KHM,116,ISO 3166-2:KH,Asia,South-Eastern Asia,142,35,,Asia
Indonesia,ID,IDN,360,ISO 3166-2:ID,Asia,South-Eastern Asia,142,35,,Asia
Lao People's Democratic Republic,LA,LAO,418,ISO 3166-2:LA,Asia,South-Eastern Asia,142,35,,Asia
Malaysia,MY,MYS,458,ISO 3166-2:MY,Asia,South-Eastern Asia,142,35,,Asia
Myanmar,MM,MMR,104,ISO 3166-2:MM,Asia,South-Eastern Asia,142,35,,Asia
Philippines,PH,PHL,608,ISO 3166-2:PH,Asia,South-Eastern Asia,142,35,,Asia
Singapore,SG,SGP,702,ISO 3166-2:SG,Asia,South-Eastern Asia,142,35,,Asia
Thailand,TH,THA,764,ISO 3166-2:TH,Asia,South-Eastern Asia,142,35,,Asia
Timor-Leste,TL,TLS,626,ISO 3166-2:TL,Asia,South-Eastern Asia,142,35,,Asia
Viet Nam,VN,VNM,704,ISO 3166-2:VN,Asia,South-Eastern Asia,142,35,,Asia
Botswana,BW,BWA,72,ISO 3166-2:BW,Africa,Southern Africa,2,18,,Africa
Lesotho,LS,LSO,426,ISO 3166-2:LS,Africa,Southern Africa,2,18,,Africa
Namibia,NA,NAM,516,ISO 3166-2:NA,Africa,Southern Africa,2,18,,Africa
South Africa,ZA,ZAF,710,ISO 3166-2:ZA,Africa,Southern Africa,2,18,,Africa
Swaziland,SZ,SWZ,748,ISO 3166-2:SZ,Africa,Southern Africa,2,18,,Africa
Afghanistan,AF,AFG,4,ISO 3166-2:AF,Asia,Southern Asia,142,34,,Asia
Bangladesh,BD,BGD,50,ISO 3166-2:BD,Asia,Southern Asia,142,34,,Asia
Bhutan,BT,BTN,64,ISO 3166-2:BT,Asia,Southern Asia,142,34,,Asia
India,IN,IND,356,ISO 3166-2:IN,Asia,Southern Asia,142,34,,Asia
Iran (Islamic Republic of),IR,IRN,364,ISO 3166-2:IR,Asia,Southern Asia,142,34,,Asia
Maldives,MV,MDV,462,ISO 3166-2:MV,Asia,Southern Asia,142,34,,Asia
Nepal,NP,NPL,524,ISO 3166-2:NP,Asia,Southern Asia,142,34,,Asia
Pakistan,PK,PAK,586,ISO 3166-2:PK,Asia,Southern Asia,142,34,,Asia
Sri Lanka,LK,LKA,144,ISO 3166-2:LK,Asia,Southern Asia,142,34,,Asia
Albania,AL,ALB,8,ISO 3166-2:AL,Europe,Southern Europe,150,39,,Europe
Andorra,AD,AND,20,ISO 3166-2:AD,Europe,Southern Europe,150,39,,Europe
Bosnia and Herzegovina,BA,BIH,70,ISO 3166-2:BA,Europe,Southern Europe,150,39,,Europe
Croatia,HR,HRV,191,ISO 3166-2:HR,Europe,Southern Europe,150,39,,Europe
Gibraltar,GI,GIB,292,ISO 3166-2:GI,Europe,Southern Europe,150,39,,Europe
Greece,GR,GRC,300,ISO 3166-2:GR,Europe,Southern Europe,150,39,,Europe
Holy See,VA,VAT,336,ISO 3166-2:VA,Europe,Southern Europe,150,39,,Europe
Italy,IT,ITA,380,ISO 3166-2:IT,Europe,Southern Europe,150,39,,Europe
Macedonia (the former Yugoslav Republic of),MK,MKD,807,ISO 3166-2:MK,Europe,Southern Europe,150,39,,Europe
Malta,MT,MLT,470,ISO 3166-2:MT,Europe,Southern Europe,150,39,,Europe
Montenegro,ME,MNE,499,ISO 3166-2:ME,Europe,Southern Europe,150,39,,Europe
Portugal,PT,PRT,620,ISO 3166-2:PT,Europe,Southern Europe,150,39,,Europe
San Marino,SM,SMR,674,ISO 3166-2:SM,Europe,Southern Europe,150,39,,Europe
Serbia,RS,SRB,688,ISO 3166-2:RS,Europe,Southern Europe,150,39,,Europe
Slovenia,SI,SVN,705,ISO 3166-2:SI,Europe,Southern Europe,150,39,,Europe
Spain,ES,ESP,724,ISO 3166-2:ES,Europe,Southern Europe,150,39,,Europe
Benin,BJ,BEN,204,ISO 3166-2:BJ,Africa,Western Africa,2,11,,Africa
Burkina Faso,BF,BFA,854,ISO 3166-2:BF,Africa,Western Africa,2,11,,Africa
Cabo Verde,CV,CPV,132,ISO 3166-2:CV,Africa,Western Africa,2,11,,Africa
Côte d'Ivoire,CI,CIV,384,ISO 3166-2:CI,Africa,Western Africa,2,11,,Africa
Gambia,GM,GMB,270,ISO 3166-2:GM,Africa,Western Africa,2,11,,Africa
Ghana,GH,GHA,288,ISO 3166-2:GH,Africa,Western Africa,2,11,,Africa
Guinea,GN,GIN,324,ISO 3166-2:GN,Africa,Western Africa,2,11,,Africa
Guinea-Bissau,GW,GNB,624,ISO 3166-2:GW,Africa,Western Africa,2,11,,Africa
Liberia,LR,LBR,430,ISO 3166-2:LR,Africa,Western Africa,2,11,,Africa
Mali,ML,MLI,466,ISO 3166-2:ML,Africa,Western Africa,2,11,,Africa
Mauritania,MR,MRT,478,ISO 3166-2:MR,Africa,Western Africa,2,11,,Africa
Niger,NE,NER,562,ISO 3166-2:NE,Africa,Western Africa,2,11,,Africa
Nigeria,NG,NGA,566,ISO 3166-2:NG,Africa,Western Africa,2,11,,Africa
"Saint Helena, Ascension and Tristan da Cunha",SH,SHN,654,ISO 3166-2:SH,Africa,Western Africa,2,11,,Africa
Senegal,SN,SEN,686,ISO 3166-2:SN,Africa,Western Africa,2,11,,Africa
Sierra Leone,SL,SLE,694,ISO 3166-2:SL,Africa,Western Africa,2,11,,Africa
Togo,TG,TGO,768,ISO 3166-2:TG,Africa,Western Africa,2,11,,Africa
Armenia,AM,ARM,51,ISO 3166-2:AM,Asia,Western Asia,142,145,,Asia
Azerbaijan,AZ,AZE,31,ISO 3166-2:AZ,Asia,Western Asia,142,145,,Asia
Bahrain,BH,BHR,48,ISO 3166-2:BH,Asia,Western Asia,142,145,,Asia
Cyprus,CY,CYP,196,ISO 3166-2:CY,Asia,Western Asia,142,145,,Asia
Georgia,GE,GEO,268,ISO 3166-2:GE,Asia,Western Asia,142,145,,Asia
Iraq,IQ,IRQ,368,ISO 3166-2:IQ,Asia,Western Asia,142,145,,Asia
Israel,IL,ISR,376,ISO 3166-2:IL,Asia,Western Asia,142,145,,Asia
Jordan,JO,JOR,400,ISO 3166-2:JO,Asia,Western Asia,142,145,,Asia
Kuwait,KW,KWT,414,ISO 3166-2:KW,Asia,Western Asia,142,145,,Asia
Lebanon,LB,LBN,422,ISO 3166-2:LB,Asia,Western Asia,142,145,,Asia
Oman,OM,OMN,512,ISO 3166-2:OM,Asia,Western Asia,142,145,,Asia
"Palestine, State of",PS,PSE,275,ISO 3166-2:PS,Asia,Western Asia,142,145,,Asia
Qatar,QA,QAT,634,ISO 3166-2:QA,Asia,Western Asia,142,145,,Asia
Saudi Arabia,SA,SAU,682,ISO 3166-2:SA,Asia,Western Asia,142,145,,Asia
Syrian Arab Republic,SY,SYR,760,ISO 3166-2:SY,Asia,Western Asia,142,145,,Asia
Turkey,TR,TUR,792,ISO 3166-2:TR,Asia,Western Asia,142,145,,Asia
United Arab Emirates,AE,ARE,784,ISO 3166-2:AE,Asia,Western Asia,142,145,,Asia
Yemen,YE,YEM,887,ISO 3166-2:YE,Asia,Western Asia,142,145,,Asia
Austria,AT,AUT,40,ISO 3166-2:AT,Europe,Western Europe,150,155,,Europe
Belgium,BE,BEL,56,ISO 3166-2:BE,Europe,Western Europe,150,155,,Europe
France,FR,FRA,250,ISO 3166-2:FR,Europe,Western Europe,150,155,,Europe
Germany,DE,DEU,276,ISO 3166-2:DE,Europe,Western Europe,150,155,,Europe
Liechtenstein,LI,LIE,438,ISO 3166-2:LI,Europe,Western Europe,150,155,,Europe
Luxembourg,LU,LUX,442,ISO 3166-2:LU,Europe,Western Europe,150,155,,Europe
Monaco,MC,MCO,492,ISO 3166-2:MC,Europe,Western Europe,150,155,,Europe
Netherlands,NL,NLD,528,ISO 3166-2:NL,Europe,Western Europe,150,155,,Europe
Switzerland,CH,CHE,756,ISO 3166-2:CH,Europe,Western Europe,150,155,,Europe
Antarctica,AQ,ATA,10,ISO 3166-2:AQ,,,,,,
Bouvet Island,BV,BVT,74,ISO 3166-2:BV,,,,,,
British Indian Ocean Territory,IO,IOT,86,ISO 3166-2:IO,,,,,,
Christmas Island,CX,CXR,162,ISO 3166-2:CX,,,,,,
Cocos (Keeling) Islands,CC,CCK,166,ISO 3166-2:CC,,,,,,
French Southern Territories,TF,ATF,260,ISO 3166-2:TF,,,,,,
Heard Island and McDonald Islands,HM,HMD,334,ISO 3166-2:HM,,,,,,
South Georgia and the South Sandwich Islands,GS,SGS,239,ISO 3166-2:GS,,,,,,
United States Minor Outlying Islands,UM,UMI,581,ISO 3166-2:UM,,,,,,
